sample_name	unit_name	fq	adapters
H22032902-25ng-rep1_S13	L001	mnt/illumina/230627_A01358_0051_BHGCJ5DRX3/Fastq/placeholder	GTTAATCGCT GAGCATTGAG
H22032902-25ng-rep1_S13	L002	mnt/illumina/230627_A01358_0051_BHGCJ5DRX3/Fastq/placeholder	GTTAATCGCT GAGCATTGAG
H22032902-25ng-rep2_S14	L001	mnt/illumina/230627_A01358_0051_BHGCJ5DRX3/Fastq/placeholder	TGTAACTCCA CTGACAACAA
H22032902-25ng-rep2_S14	L002	mnt/illumina/230627_A01358_0051_BHGCJ5DRX3/Fastq/placeholder	TGTAACTCCA CTGACAACAA
H22032902-50ng-rep1_S5	L001	mnt/illumina/230627_A01358_0051_BHGCJ5DRX3/Fastq/placeholder	TACACCATTG CAACGACTGA
H22032902-50ng-rep1_S5	L002	mnt/illumina/230627_A01358_0051_BHGCJ5DRX3/Fastq/placeholder	TACACCATTG CAACGACTGA
H22032902-50ng-rep2_S6	L001	mnt/illumina/230627_A01358_0051_BHGCJ5DRX3/Fastq/placeholder	GTAACGTCAA AGAGTTGTTG
H22032902-50ng-rep2_S6	L002	mnt/illumina/230627_A01358_0051_BHGCJ5DRX3/Fastq/placeholder	GTAACGTCAA AGAGTTGTTG
H22033539-25ng-rep1_S15	L001	mnt/illumina/230627_A01358_0051_BHGCJ5DRX3/Fastq/placeholder	CCAGTATCTA ACCGCGGATA
H22033539-25ng-rep1_S15	L002	mnt/illumina/230627_A01358_0051_BHGCJ5DRX3/Fastq/placeholder	CCAGTATCTA ACCGCGGATA
H22033539-25ng-rep2_S16	L001	mnt/illumina/230627_A01358_0051_BHGCJ5DRX3/Fastq/placeholder	GTTCTCATAG TCTTGCTGTG
H22033539-25ng-rep2_S16	L002	mnt/illumina/230627_A01358_0051_BHGCJ5DRX3/Fastq/placeholder	GTTCTCATAG TCTTGCTGTG
H22033539-50ng-rep1_S7	L001	mnt/illumina/230627_A01358_0051_BHGCJ5DRX3/Fastq/placeholder	TAGGTTGGAA TGTTCCTAGA
H22033539-50ng-rep1_S7	L002	mnt/illumina/230627_A01358_0051_BHGCJ5DRX3/Fastq/placeholder	TAGGTTGGAA TGTTCCTAGA
H22033539-50ng-rep2_S8	L001	mnt/illumina/230627_A01358_0051_BHGCJ5DRX3/Fastq/placeholder	AAGTGCACCT TAGCATATCG
H22033539-50ng-rep2_S8	L002	mnt/illumina/230627_A01358_0051_BHGCJ5DRX3/Fastq/placeholder	AAGTGCACCT TAGCATATCG
SeraSeqCell-line-25ng-rep1_S11	L001	mnt/illumina/230627_A01358_0051_BHGCJ5DRX3/Fastq/placeholder	CCGAGAAGGT CAGTGGAGCT
SeraSeqCell-line-25ng-rep1_S11	L002	mnt/illumina/230627_A01358_0051_BHGCJ5DRX3/Fastq/placeholder	CCGAGAAGGT CAGTGGAGCT
SeraSeqCell-line-25ng-rep2_S12	L001	mnt/illumina/230627_A01358_0051_BHGCJ5DRX3/Fastq/placeholder	GAAGCAATAG GAATCGCACA
SeraSeqCell-line-25ng-rep2_S12	L002	mnt/illumina/230627_A01358_0051_BHGCJ5DRX3/Fastq/placeholder	GAAGCAATAG GAATCGCACA
SeraSeqCell-line-50ng-rep1_S3	L001	mnt/illumina/230627_A01358_0051_BHGCJ5DRX3/Fastq/placeholder	ACTGAGGTAA GTATAACCTG
SeraSeqCell-line-50ng-rep1_S3	L002	mnt/illumina/230627_A01358_0051_BHGCJ5DRX3/Fastq/placeholder	ACTGAGGTAA GTATAACCTG
SeraSeqCell-line-50ng-rep2_S4	L001	mnt/illumina/230627_A01358_0051_BHGCJ5DRX3/Fastq/placeholder	CTTATCTAGC CATGATGAGA
SeraSeqCell-line-50ng-rep2_S4	L002	mnt/illumina/230627_A01358_0051_BHGCJ5DRX3/Fastq/placeholder	CTTATCTAGC CATGATGAGA
SeraSeqFFPE-25ng-rep1_S9	L001	mnt/illumina/230627_A01358_0051_BHGCJ5DRX3/Fastq/placeholder	TGCTCGACAG ACCAAGCCAA
SeraSeqFFPE-25ng-rep1_S9	L002	mnt/illumina/230627_A01358_0051_BHGCJ5DRX3/Fastq/placeholder	TGCTCGACAG ACCAAGCCAA
SeraSeqFFPE-25ng-rep2_S10	L001	mnt/illumina/230627_A01358_0051_BHGCJ5DRX3/Fastq/placeholder	AGGTGTTCTA CTACGTTCTT
SeraSeqFFPE-25ng-rep2_S10	L002	mnt/illumina/230627_A01358_0051_BHGCJ5DRX3/Fastq/placeholder	AGGTGTTCTA CTACGTTCTT
SeraSeqFFPE-50ng-rep1_S1	L001	mnt/illumina/230627_A01358_0051_BHGCJ5DRX3/Fastq/placeholder	AGACGAAGTT AACGTGCTCG
SeraSeqFFPE-50ng-rep1_S1	L002	mnt/illumina/230627_A01358_0051_BHGCJ5DRX3/Fastq/placeholder	AGACGAAGTT AACGTGCTCG
SeraSeqFFPE-50ng-rep2_S2	L001	mnt/illumina/230627_A01358_0051_BHGCJ5DRX3/Fastq/placeholder	TCACTACTAG GTCCTATGAA
SeraSeqFFPE-50ng-rep2_S2	L002	mnt/illumina/230627_A01358_0051_BHGCJ5DRX3/Fastq/placeholder	TCACTACTAG GTCCTATGAA
